<meta>
    <download_priority_group>-8</download_priority_group>
    
    <min_mta_version server="1.5.2-9.07903" client="1.5.2-9.07903" />
    
    <script src="client.lua" type="client"></script>
    <script src="server.lua" type="server"></script>
    
    <file src="files/sounds/bulle.wav" />
    <file src="files/sounds/star.wav" />
    <file src="files/sounds/error.wav" />
    <file src="files/sounds/victory.wav" />
    
    <file src="files/images/aban.png" />
    <file src="files/images/aduty.png" />
    <file src="files/images/ajail.png" />
    <file src="files/images/akick.png" />
    <file src="files/images/error.png" />
    <file src="files/images/info.png" />
    <file src="files/images/round.png" />
    <file src="files/images/warning.png" />
    <file src="files/images/success.png" />
    
    <file src="files/fonts/Light.otf"></file>
    
    <export type="client" function="showInfobox" />
    <export type="server" function="showInfobox" />
</meta>
