<meta>
	<script src="avatar.lua" type="server" cache="false" />
	<script src="cash.lua" type="server" cache="false" />
	<script src="server.lua" type="server" cache="false" />
	<script src="editbox.lua" type="client" cache="false" />
	<script src="client.lua" type="client" cache="false" />

	<file src="Beat_It.mp3" />

	<file src="images/bar.png" />
	<file src="images/circle.png" />
	<file src="images/logo.png" />
	<file src="images/bg.png" />
	<file src="images/lights.png" />
    <file src="images/bols.png" />
	<file src="images/seta.png" />
	<file src="images/return.png" />

    <file src="avatars/1.png"></file>
    <file src="avatars/2.png"></file>
    <file src="avatars/3.png"></file>
    <file src="avatars/4.png"></file>
    <file src="avatars/5.png"></file>
    <file src="avatars/6.png"></file>
    <file src="avatars/7.png"></file>
    <file src="avatars/8.png"></file>
    <file src="avatars/9.png"></file>
    <file src="avatars/10.png"></file>
    <file src="avatars/11.png"></file>
    <file src="avatars/12.png"></file>
    <file src="avatars/13.png"></file>
    <file src="avatars/14.png"></file>
    <file src="avatars/15.png"></file>
    <file src="avatars/16.png"></file>
    <file src="avatars/17.png"></file>
    <file src="avatars/18.png"></file>
    <file src="avatars/19.png"></file>
    <file src="avatars/20.png"></file>

	<file src="fonts/Roboto-Regular.ttf" />
</meta>